"","Zone","Elevation","Flood_Frequency","Flood_Duration_Percent","Flood_Duration_Hour","Avg_HT","SE_HT","Avg_LT","SE_LT","Avg_HH","SE_HH","Max_Tide","MonitoringTime"
"1","Platform",1.265,59.6153846153846,31.5388397246804,213.833333333333,1.43373076923077,0.0342280978332938,1.21784,0.00450553944764506,1.53110714285714,0.0524342455264731,2.038,28.2430555555556
"2","Root Zone",1.215,84.6153846153846,67.9941002949852,461,NA,NA,NA,NA,NA,NA,NA,28.2430555555556
