"","Zone","Elevation","Flood_Frequency","Flood_Duration_Percent","Flood_Duration_Hour","Avg_HT","SE_HT","Avg_LT","SE_LT","Avg_HH","SE_HH","Max_Tide","MonitoringTime"
"1","Platform",1.282,59.2592592592593,36.3954068896655,243,1.40003703703704,0.0304274918327715,1.22740384615385,0.00817937384967139,1.48220689655172,0.0465342550692827,1.984,27.8125
"2","Root Zone",1.232,72.2222222222222,64.2036944583125,428.666666666667,NA,NA,NA,NA,NA,NA,NA,27.8125
