"","Zone","Elevation","Flood_Frequency","Flood_Duration_Percent","Flood_Duration_Hour","Avg_HT","SE_HT","Avg_LT","SE_LT","Avg_HH","SE_HH","Max_Tide","MonitoringTime"
"1","Platform",1.345,84.9056603773585,67.9480778831752,453.666666666667,1.49132075471698,0.0246441550577138,1.35012244897959,0.00728703493242242,1.55462068965517,0.0393837821949976,1.989,27.8125
"2","Root Zone",1.295,90.5660377358491,83.9740389415876,560.666666666667,NA,NA,NA,NA,NA,NA,NA,27.8125
