"","Zone","Elevation","Flood_Frequency","Flood_Duration_Percent","Flood_Duration_Hour","Avg_HT","SE_HT","Avg_LT","SE_LT","Avg_HH","SE_HH","Max_Tide","MonitoringTime"
"1","Platform",1.518,58.1818181818182,51.8222666000999,346,1.56147272727273,0.0151963768175436,1.51205769230769,0.00670181609419687,1.59337931034483,0.0261606167069027,1.984,27.8125
"2","Root Zone",1.468,92.7272727272727,78.6070893659511,524.833333333333,NA,NA,NA,NA,NA,NA,NA,27.8125
