"","Zone","Elevation","Flood_Frequency","Flood_Duration_Percent","Flood_Duration_Hour","Avg_HT","SE_HT","Avg_LT","SE_LT","Avg_HH","SE_HH","Max_Tide","MonitoringTime"
"1","Platform",1.093,100,100,667.666666666667,1.43737735849057,0.0213963940781271,1.34058823529412,0.00366201235480382,1.48393103448276,0.0358245220743883,1.984,27.8125
"2","Root Zone",1.043,100,100,667.666666666667,NA,NA,NA,NA,NA,NA,NA,27.8125
