"","Zone","Elevation","Flood_Frequency","Flood_Duration_Percent","Flood_Duration_Hour","Avg_HT","SE_HT","Avg_LT","SE_LT","Avg_HH","SE_HH","Max_Tide","MonitoringTime"
"1","Platform",1.436,52,7.66350474288567,51.1666666666667,1.50142,0.0254943145322518,1.36292156862745,0.00872898453934036,1.55186206896552,0.0398313477847484,1.989,27.8125
"2","Root Zone",1.386,80,62.5811283075387,417.833333333333,NA,NA,NA,NA,NA,NA,NA,27.8125
