"","Zone","Elevation","Flood_Frequency","Flood_Duration_Percent","Flood_Duration_Hour","Avg_HT","SE_HT","Avg_LT","SE_LT","Avg_HH","SE_HH","Max_Tide","MonitoringTime"
"1","Platform",1.494,39.622641509434,5.54168746879681,37,1.52458490566038,0.0202799785077426,1.43262,0.00409807221975985,1.57662068965517,0.0335629477630406,1.984,27.8125
"2","Root Zone",1.444,71.6981132075472,56.6899650524214,378.5,NA,NA,NA,NA,NA,NA,NA,27.8125
