"","Zone","Elevation","Flood_Frequency","Flood_Duration_Percent","Flood_Duration_Hour","Avg_HT","SE_HT","Avg_LT","SE_LT","Avg_HH","SE_HH","Max_Tide","MonitoringTime"
"1","Platform",1.221,59.2592592592593,13.554667998003,90.5,1.37474074074074,0.0379697292465095,1.05581132075472,0.00921167211725276,1.49810344827586,0.052118360578855,1.989,27.8125
"2","Root Zone",1.171,70.3703703703704,34.0738891662506,227.5,NA,NA,NA,NA,NA,NA,NA,27.8125
