"","Zone","Elevation","Flood_Frequency","Flood_Duration_Percent","Flood_Duration_Hour","Avg_HT","SE_HT","Avg_LT","SE_LT","Avg_HH","SE_HH","Max_Tide","MonitoringTime"
"1","Platform",1.5,100,100,719.833333333333,1.57509259259259,0.00480080273092936,1.55155172413793,0.0021714437189198,1.58529032258065,0.00749152834061594,1.72,29.9861111111111
"2","Root Zone",1.45,100,100,719.833333333333,NA,NA,NA,NA,NA,NA,NA,29.9861111111111
