"","Zone","Elevation","Flood_Frequency","Flood_Duration_Percent","Flood_Duration_Hour","Avg_HT","SE_HT","Avg_LT","SE_LT","Avg_HH","SE_HH","Max_Tide","MonitoringTime"
"1","Platform",1.352,24.0740740740741,3.95924982634869,28.5,1.27098148148148,0.0285591260940699,1.14687272727273,0.00285980557195712,1.33935483870968,0.0453580391657477,2.018,30.0277777777778
"2","Root Zone",1.302,24.0740740740741,5.53368835378559,39.8333333333333,NA,NA,NA,NA,NA,NA,NA,30.0277777777778
