"","Zone","Elevation","Flood_Frequency","Flood_Duration_Percent","Flood_Duration_Hour","Avg_HT","SE_HT","Avg_LT","SE_LT","Avg_HH","SE_HH","Max_Tide","MonitoringTime"
"1","Platform",1.502,31.5789473684211,20.9770780273211,151,1.48843859649123,0.00966626752083622,1.45455769230769,0.00558685792681118,1.50709677419355,0.0155770961473672,1.785,29.9861111111111
"2","Root Zone",1.452,63.1578947368421,57.5827737902292,414.5,NA,NA,NA,NA,NA,NA,NA,29.9861111111111
