"","Zone","Elevation","Flood_Frequency","Flood_Duration_Percent","Flood_Duration_Hour","Avg_HT","SE_HT","Avg_LT","SE_LT","Avg_HH","SE_HH","Max_Tide","MonitoringTime"
"1","Platform",1.352,30.7692307692308,18.7080342671915,134.666666666667,1.38284615384615,0.0215725193990937,1.31435714285714,0.00354456127846195,1.41967741935484,0.0345614113578544,2.012,30.0277777777778
"2","Root Zone",1.302,90.3846153846154,78.3051632322297,563.666666666667,NA,NA,NA,NA,NA,NA,NA,30.0277777777778
