"","Zone","Elevation","Flood_Frequency","Flood_Duration_Percent","Flood_Duration_Hour","Avg_HT","SE_HT","Avg_LT","SE_LT","Avg_HH","SE_HH","Max_Tide","MonitoringTime"
"1","Platform",1.393,44.0677966101695,13.8457976383422,99.6666666666666,1.42620338983051,0.0104933749286839,1.37352727272727,0.000756500246663347,1.45293333333333,0.0178805058771125,1.688,30.0277777777778
"2","Root Zone",1.343,100,100,719.833333333333,NA,NA,NA,NA,NA,NA,NA,30.0277777777778
