"","Zone","Elevation","Flood_Frequency","Flood_Duration_Percent","Flood_Duration_Hour","Avg_HT","SE_HT","Avg_LT","SE_LT","Avg_HH","SE_HH","Max_Tide","MonitoringTime"
"1","Platform",1.383,88.135593220339,72.6788608474184,523.166666666667,1.43520338983051,0.01018960459893,1.38269090909091,0.00126487718552425,1.46163333333333,0.0171916501607333,1.688,30.0277777777778
"2","Root Zone",1.333,100,100,719.833333333333,NA,NA,NA,NA,NA,NA,NA,30.0277777777778
