"","Zone","Elevation","Flood_Frequency","Flood_Duration_Percent","Flood_Duration_Hour","Avg_HT","SE_HT","Avg_LT","SE_LT","Avg_HH","SE_HH","Max_Tide","MonitoringTime"
"1","Platform",1.413,70.6896551724138,42.3246121787451,304.666666666667,1.47837931034483,0.0165626060719581,1.40639622641509,0.00100735309035676,1.51309677419355,0.0278789377791936,1.914,29.9861111111111
"2","Root Zone",1.363,100,100,719.833333333333,NA,NA,NA,NA,NA,NA,NA,29.9861111111111
