"","Zone","Elevation","Flood_Frequency","Flood_Duration_Percent","Flood_Duration_Hour","Avg_HT","SE_HT","Avg_LT","SE_LT","Avg_HH","SE_HH","Max_Tide","MonitoringTime"
"1","Platform",1.332,53.448275862069,10.0486223662885,72.3333333333334,1.39274137931034,0.0305125559067772,1.15303636363636,0.00939969064740492,1.49890322580645,0.0410636106295186,1.914,29.9861111111111
"2","Root Zone",1.282,58.6206896551724,16.4158369993054,118.166666666667,NA,NA,NA,NA,NA,NA,NA,29.9861111111111
