"","Zone","Elevation","Flood_Frequency","Flood_Duration_Percent","Flood_Duration_Hour","Avg_HT","SE_HT","Avg_LT","SE_LT","Avg_HH","SE_HH","Max_Tide","MonitoringTime"
"1","Platform",1.38,93.2203389830508,84.0472331558231,605,1.48150847457627,0.0190701184377676,1.38556862745098,0.00241275286627013,1.53254838709677,0.0317853296352391,1.914,29.9861111111111
"2","Root Zone",1.33,100,99.3748552905765,715.333333333333,NA,NA,NA,NA,NA,NA,NA,29.9861111111111
