,Zone,Elevation,Flood_Frequency,Flood_Duration_Percent,Flood_Duration_Hour,Avg_HT,SE_HT,Avg_LT,SE_LT,Avg_HH,SE_HH,Max_Tide,MonitoringTime
1,Platform,1.29,53.44827586,10.23385043,73.66666667,1.341586207,0.033522167,1.069568966,0.009353258,1.460935484,0.043905199,1.9,29.98611111
2,Root Zone,1.24,56.89655172,11.99351702,86.33333333,NA,NA,NA,NA,NA,NA,NA,29.98611111
