"","Zone","Elevation","Flood_Frequency","Flood_Duration_Percent","Flood_Duration_Hour","Avg_HT","SE_HT","Avg_LT","SE_LT","Avg_HH","SE_HH","Max_Tide","MonitoringTime"
"1","Platform",1.406,49.1228070175439,18.5228062051401,133.333333333333,1.47126315789474,0.0179378194707657,1.38635185185185,0.00278938757150101,1.50858064516129,0.0293736321738205,1.914,29.9861111111111
"2","Root Zone",1.356,100,97.8698772864089,704.5,NA,NA,NA,NA,NA,NA,NA,29.9861111111111
