"","Zone","Elevation","Flood_Frequency","Flood_Duration_Percent","Flood_Duration_Hour","Avg_HT","SE_HT","Avg_LT","SE_LT","Avg_HH","SE_HH","Max_Tide","MonitoringTime"
"1","Platform",1.316,100,100,719.833333333333,1.48970175438596,0.0174483298227706,1.40253571428571,0.000957188892089303,1.53067741935484,0.0283354478817563,1.914,29.9861111111111
"2","Root Zone",1.266,100,100,719.833333333333,NA,NA,NA,NA,NA,NA,NA,29.9861111111111
