"","Zone","Elevation","Flood_Frequency","Flood_Duration_Percent","Flood_Duration_Hour","Avg_HT","SE_HT","Avg_LT","SE_LT","Avg_HH","SE_HH","Max_Tide","MonitoringTime"
"1","Platform",1.345,70.6896551724138,56.2861773558694,405.166666666667,1.44513793103448,0.0215212362696061,1.33705555555556,0.00368040276966216,1.50141935483871,0.0349388336244914,1.9,29.9861111111111
"2","Root Zone",1.295,98.2758620689655,91.0627460060199,655.5,NA,NA,NA,NA,NA,NA,NA,29.9861111111111
