"","Zone","Elevation","Flood_Frequency","Flood_Duration_Percent","Flood_Duration_Hour","Avg_HT","SE_HT","Avg_LT","SE_LT","Avg_HH","SE_HH","Max_Tide","MonitoringTime"
"1","Platform",1.172,63.7931034482759,13.8457976383422,99.6666666666666,1.33013793103448,0.0361637103088245,1.01409090909091,0.010340508187737,1.45829032258065,0.046825326148584,1.914,29.9861111111111
"2","Root Zone",1.122,72.4137931034483,36.3973141931003,262,NA,NA,NA,NA,NA,NA,NA,29.9861111111111
