"","Zone","Elevation","Flood_Frequency","Flood_Duration_Percent","Flood_Duration_Hour","Avg_HT","SE_HT","Avg_LT","SE_LT","Avg_HH","SE_HH","Max_Tide","MonitoringTime"
"1","Platform",1.408,94.7368421052632,93.0539476730725,669.833333333333,1.48238596491228,0.0142993583988154,1.42711538461538,0.00184007136521258,1.50941935483871,0.0238044350342106,1.914,29.9861111111111
"2","Root Zone",1.358,100,100,719.833333333333,NA,NA,NA,NA,NA,NA,NA,29.9861111111111
