,Zone,Elevation,Flood_Frequency,Flood_Duration_Percent,Flood_Duration_Hour,Avg_HT,SE_HT,Avg_LT,SE_LT,Avg_HH,SE_HH,Max_Tide,MonitoringTime
1,Platform,1.417,92.72727273,88.46955314,636.8333333,1.508363636,0.018416604,1.428101695,0.001505823,1.546870968,0.029776723,1.914,29.98611111
2,Root Zone,1.367,100,100,719.8333333,NA,NA,NA,NA,NA,NA,NA,29.98611111
