"","Zone","Elevation","Flood_Frequency","Flood_Duration_Percent","Flood_Duration_Hour","Avg_HT","SE_HT","Avg_LT","SE_LT","Avg_HH","SE_HH","Max_Tide","MonitoringTime"
"1","Platform",1.347,65.5172413793103,58.7404491780505,422.833333333333,1.42810344827586,0.0217487535666545,1.32319642857143,0.00834594619859889,1.48516129032258,0.0336845932292461,1.914,29.9861111111111
"2","Root Zone",1.297,89.6551724137931,83.2368603843482,599.166666666667,NA,NA,NA,NA,NA,NA,NA,29.9861111111111
