"","Zone","Elevation","Flood_Frequency","Flood_Duration_Percent","Flood_Duration_Hour","Avg_HT","SE_HT","Avg_LT","SE_LT","Avg_HH","SE_HH","Max_Tide","MonitoringTime"
"1","Platform",1.438,33.3333333333333,5.04746469090067,36.3333333333333,1.47948148148148,0.0203517931935245,1.38205084745763,0.00540187553900255,1.52212903225806,0.0315135656720504,1.9,29.9861111111111
"2","Root Zone",1.388,81.4814814814815,69.5299837925446,500.5,NA,NA,NA,NA,NA,NA,NA,29.9861111111111
