"","Zone","Elevation","Flood_Frequency","Flood_Duration_Percent","Flood_Duration_Hour","Avg_HT","SE_HT","Avg_LT","SE_LT","Avg_HH","SE_HH","Max_Tide","MonitoringTime"
"1","Platform",1.398,61.8181818181818,12.7112757582774,91.5,1.43954545454545,0.0178168349659317,1.30817543859649,0.00371224712285414,1.49486666666667,0.0260903705023557,1.747,29.9861111111111
"2","Root Zone",1.348,67.2727272727273,24.3111831442463,175,NA,NA,NA,NA,NA,NA,NA,29.9861111111111
