"","Zone","Elevation","Flood_Frequency","Flood_Duration_Percent","Flood_Duration_Hour","Avg_HT","SE_HT","Avg_LT","SE_LT","Avg_HH","SE_HH","Max_Tide","MonitoringTime"
"1","Platform",1.478,22.4137931034483,5.48738133827275,39.5,1.43753448275862,0.0139079424208571,1.36375862068966,0.00301772444495302,1.4846,0.0229676734343839,1.733,29.9861111111111
"2","Root Zone",1.428,36.2068965517241,8.33526279231304,60,NA,NA,NA,NA,NA,NA,NA,29.9861111111111
