"","Zone","Elevation","Flood_Frequency","Flood_Duration_Percent","Flood_Duration_Hour","Avg_HT","SE_HT","Avg_LT","SE_LT","Avg_HH","SE_HH","Max_Tide","MonitoringTime"
"1","Platform",1.523,25.8620689655172,5.69576290808057,41,1.49937931034483,0.0162377754770087,1.41496296296296,0.00997484477453183,1.55356666666667,0.0248840845287756,1.787,29.9861111111111
"2","Root Zone",1.473,56.8965517241379,36.3047001620746,261.333333333333,NA,NA,NA,NA,NA,NA,NA,29.9861111111111
