"","Zone","Elevation","Flood_Frequency","Flood_Duration_Percent","Flood_Duration_Hour","Avg_HT","SE_HT","Avg_LT","SE_LT","Avg_HH","SE_HH","Max_Tide","MonitoringTime"
"1","Platform",1.333,70.9090909090909,24.2648761287335,174.666666666667,1.42281818181818,0.0216723083705251,1.24160714285714,0.00639554829810511,1.48986666666667,0.0294920107371133,1.759,29.9861111111111
"2","Root Zone",1.283,70.9090909090909,50.544107432276,363.833333333333,NA,NA,NA,NA,NA,NA,NA,29.9861111111111
