"","Zone","Elevation","Flood_Frequency","Flood_Duration_Percent","Flood_Duration_Hour","Avg_HT","SE_HT","Avg_LT","SE_LT","Avg_HH","SE_HH","Max_Tide","MonitoringTime"
"1","Platform",1.423,50.8771929824561,11.1831442463533,80.5,1.44863157894737,0.0151663423271996,1.351,0.00409220331192476,1.50016666666667,0.0235168847794898,1.751,29.9861111111111
"2","Root Zone",1.373,66.6666666666667,41.4447788840009,298.333333333333,NA,NA,NA,NA,NA,NA,NA,29.9861111111111
