"","Zone","Elevation","Flood_Frequency","Flood_Duration_Percent","Flood_Duration_Hour","Avg_HT","SE_HT","Avg_LT","SE_LT","Avg_HH","SE_HH","Max_Tide","MonitoringTime"
"1","Platform",1.492,64.9122807017544,13.3827274832137,96.3333333333333,1.50268421052632,0.0213340943712362,1.28339285714286,0.00856088501961739,1.57293333333333,0.0273519813034825,1.782,29.9861111111111
"2","Root Zone",1.442,71.9298245614035,17.2262097707803,124,NA,NA,NA,NA,NA,NA,NA,29.9861111111111
