"","X1","X2","X3","X4","X5","X6","X7","X8","X9","X10","X11","X12","X13","Avg_HT","SE_HT","Avg_LT","SE_LT","Avg_HH","SE_HH","Max_Tide","MonitoringTime"
"1",NA,NA,NA,NA,NA,NA,NA,NA,NA,NA,NA,NA,NA,1.43715517241379,0.02525304246013,-0.411444444444444,0.0019138807876221,1.53616666666667,0.0309663548726617,1.806,29.9861111111111
"2",NA,NA,NA,NA,NA,NA,NA,NA,NA,NA,NA,NA,NA,1.43715517241379,0.02525304246013,-0.411444444444444,0.0019138807876221,1.53616666666667,0.0309663548726617,1.806,29.9861111111111
