"","Zone","Elevation","Flood_Frequency","Flood_Duration_Percent","Flood_Duration_Hour","Avg_HT","SE_HT","Avg_LT","SE_LT","Avg_HH","SE_HH","Max_Tide","MonitoringTime"
"1","Platform",1.345,71.6981132075472,63.6407185628743,442.833333333333,1.45322641509434,0.0244737743808584,1.3566862745098,0.00674391462486829,1.49258620689655,0.0378586793102546,1.893,29.0277777777778
"2","Root Zone",1.295,90.5660377358491,83.497005988024,581,NA,NA,NA,NA,NA,NA,NA,29.0277777777778
