"","Zone","Elevation","Flood_Frequency","Flood_Duration_Percent","Flood_Duration_Hour","Avg_HT","SE_HT","Avg_LT","SE_LT","Avg_HH","SE_HH","Max_Tide","MonitoringTime"
"1","Platform",1.263,48.1481481481482,16.9101796407186,117.666666666667,1.33387037037037,0.0346452930229881,1.1546862745098,0.0117379054214625,1.41024137931034,0.0486366759171207,1.879,29.0277777777778
"2","Root Zone",1.213,61.1111111111111,49.8682634730539,347,NA,NA,NA,NA,NA,NA,NA,29.0277777777778
