"","Zone","Elevation","Flood_Frequency","Flood_Duration_Percent","Flood_Duration_Hour","Avg_HT","SE_HT","Avg_LT","SE_LT","Avg_HH","SE_HH","Max_Tide","MonitoringTime"
"1","Platform",1.436,46.2962962962963,38.4191616766467,267.333333333333,1.4612962962963,0.0230353483666799,1.38947058823529,0.00842057950319039,1.49793103448276,0.0359240074726194,1.876,29.0277777777778
"2","Root Zone",1.386,64.8148148148148,59.9760479041916,417.333333333333,NA,NA,NA,NA,NA,NA,NA,29.0277777777778
