"","Zone","Elevation","Flood_Frequency","Flood_Duration_Percent","Flood_Duration_Hour","Avg_HT","SE_HT","Avg_LT","SE_LT","Avg_HH","SE_HH","Max_Tide","MonitoringTime"
"1","Platform",1.415,61.1111111111111,20.3750868256541,146.666666666667,1.46185185185185,0.012536972781262,1.38778181818182,0.00209692590600623,1.50073333333333,0.0193361036461475,1.829,29.9861111111111
"2","Root Zone",1.365,98.1481481481482,91.5721231766613,659.166666666667,NA,NA,NA,NA,NA,NA,NA,29.9861111111111
