"","Zone","Elevation","Flood_Frequency","Flood_Duration_Percent","Flood_Duration_Hour","Avg_HT","SE_HT","Avg_LT","SE_LT","Avg_HH","SE_HH","Max_Tide","MonitoringTime"
"1","Platform",1.403,29.0909090909091,9.53924519564714,68.6666666666667,1.3994,0.0140769314838142,1.33069090909091,0.00340368909855835,1.4439,0.0220722611583788,1.762,29.9861111111111
"2","Root Zone",1.353,58.1818181818182,37.5086825654087,270,NA,NA,NA,NA,NA,NA,NA,29.9861111111111
