"","Zone","Elevation","Flood_Frequency","Flood_Duration_Percent","Flood_Duration_Hour","Avg_HT","SE_HT","Avg_LT","SE_LT","Avg_HH","SE_HH","Max_Tide","MonitoringTime"
"1","Platform",1.331,68.9655172413793,24.7510997916184,178.166666666667,1.40103448275862,0.0212879313860332,1.21061818181818,0.00997061308001203,1.4723,0.0286710294728753,1.826,29.9861111111111
"2","Root Zone",1.281,77.5862068965517,50.8914100486224,366.333333333333,NA,NA,NA,NA,NA,NA,NA,29.9861111111111
