"","Zone","Elevation","Flood_Frequency","Flood_Duration_Percent","Flood_Duration_Hour","Avg_HT","SE_HT","Avg_LT","SE_LT","Avg_HH","SE_HH","Max_Tide","MonitoringTime"
"1","Platform",1.431,45.4545454545455,17.0178282009725,122.5,1.44723636363636,0.0121060399994768,1.38916981132075,0.00571421062645536,1.48513333333333,0.0181425855368436,1.793,29.9861111111111
"2","Root Zone",1.381,80,73.2113915258162,527,NA,NA,NA,NA,NA,NA,NA,29.9861111111111
