"","Zone","Elevation","Flood_Frequency","Flood_Duration_Percent","Flood_Duration_Hour","Avg_HT","SE_HT","Avg_LT","SE_LT","Avg_HH","SE_HH","Max_Tide","MonitoringTime"
"1","Platform",1.409,19.6428571428571,7.0155128501968,50.5,1.407125,0.0105013933058255,1.36296,0.0018720195359176,1.43783333333333,0.0176589063415625,1.758,29.9861111111111
"2","Root Zone",1.359,82.1428571428571,74.8089835610095,538.5,NA,NA,NA,NA,NA,NA,NA,29.9861111111111
