"","Zone","Elevation","Flood_Frequency","Flood_Duration_Percent","Flood_Duration_Hour","Avg_HT","SE_HT","Avg_LT","SE_LT","Avg_HH","SE_HH","Max_Tide","MonitoringTime"
"1","Platform",1.409,27.1186440677966,10.8821486455198,78.3333333333333,1.40013559322034,0.0146445406281221,1.30814814814815,0.00334112374834459,1.4578,0.0234966566464937,1.808,29.9861111111111
"2","Root Zone",1.359,54.2372881355932,27.830516323223,200.333333333333,NA,NA,NA,NA,NA,NA,NA,29.9861111111111
