"","Zone","Elevation","Flood_Frequency","Flood_Duration_Percent","Flood_Duration_Hour","Avg_HT","SE_HT","Avg_LT","SE_LT","Avg_HH","SE_HH","Max_Tide","MonitoringTime"
"1","Platform",1.409,63.1578947368421,38.4116693679092,276.5,1.45671929824561,0.0127180912917975,1.3845,0.00430418099363561,1.50116666666667,0.0196733137023393,1.831,29.9861111111111
"2","Root Zone",1.359,87.719298245614,86.2931234081964,621.166666666667,NA,NA,NA,NA,NA,NA,NA,29.9861111111111
