"","Zone","Elevation","Flood_Frequency","Flood_Duration_Percent","Flood_Duration_Hour","Avg_HT","SE_HT","Avg_LT","SE_LT","Avg_HH","SE_HH","Max_Tide","MonitoringTime"
"1","Platform",1.38,87.037037037037,83.9749536178108,603.5,1.481,0.0223975733686093,1.40101785714286,0.0027258373039162,1.50973333333333,0.0356221851748086,2.016,29.9791666666667
"2","Root Zone",1.33,100,100,718.666666666667,NA,NA,NA,NA,NA,NA,NA,29.9791666666667
