"","Zone","Elevation","Flood_Frequency","Flood_Duration_Percent","Flood_Duration_Hour","Avg_HT","SE_HT","Avg_LT","SE_LT","Avg_HH","SE_HH","Max_Tide","MonitoringTime"
"1","Platform",1.406,25,4.63821892393321,33.3333333333334,1.45223076923077,0.0234294553525709,1.36629310344828,0.00201881779759164,1.4797,0.03585546175872,2.001,29.9791666666667
"2","Root Zone",1.356,90.3846153846154,84.7402597402597,609,NA,NA,NA,NA,NA,NA,NA,29.9791666666667
