"","Zone","Elevation","Flood_Frequency","Flood_Duration_Percent","Flood_Duration_Hour","Avg_HT","SE_HT","Avg_LT","SE_LT","Avg_HH","SE_HH","Max_Tide","MonitoringTime"
"1","Platform",1.413,100,98.6549165120594,709,1.5174,0.0202971627281947,1.44673684210526,0.00177555214254487,1.54476666666667,0.0330250926311346,2.022,29.9791666666667
"2","Root Zone",1.363,100,100,718.666666666667,NA,NA,NA,NA,NA,NA,NA,29.9791666666667
