"","Zone","Elevation","Flood_Frequency","Flood_Duration_Percent","Flood_Duration_Hour","Avg_HT","SE_HT","Avg_LT","SE_LT","Avg_HH","SE_HH","Max_Tide","MonitoringTime"
"1","Platform",1.254,100,100,718.666666666667,1.50625490196078,0.0237791116629743,1.41719642857143,0.00154865246050033,1.53526666666667,0.0360101177778618,2.039,29.9791666666667
"2","Root Zone",1.204,100,100,718.666666666667,NA,NA,NA,NA,NA,NA,NA,29.9791666666667
