"","Zone","Elevation","Flood_Frequency","Flood_Duration_Percent","Flood_Duration_Hour","Avg_HT","SE_HT","Avg_LT","SE_LT","Avg_HH","SE_HH","Max_Tide","MonitoringTime"
"1","Platform",1.29,40.3508771929825,20.3385899814471,146.166666666667,1.32926315789474,0.035919583727896,1.16148148148148,0.010515362318178,1.39836666666667,0.0555510013842169,2.037,29.9791666666667
"2","Root Zone",1.24,50.8771929824561,35.8070500927644,257.333333333333,NA,NA,NA,NA,NA,NA,NA,29.9791666666667
