"","Zone","Elevation","Flood_Frequency","Flood_Duration_Percent","Flood_Duration_Hour","Avg_HT","SE_HT","Avg_LT","SE_LT","Avg_HH","SE_HH","Max_Tide","MonitoringTime"
"1","Platform",1.438,33.9622641509434,14.0432457568007,100.924126172208,1.48596226415094,0.0209855842818774,1.4112,0.00379228349960998,1.50986666666667,0.0329497608989052,NA,29.9791666666667
"2","Root Zone",1.388,86.7924528301887,83.1899558242269,597.858482523444,NA,NA,NA,NA,NA,NA,NA,29.9791666666667
