"","Zone","Elevation","Flood_Frequency","Flood_Duration_Percent","Flood_Duration_Hour","Avg_HT","SE_HT","Avg_LT","SE_LT","Avg_HH","SE_HH","Max_Tide","MonitoringTime"
"1","Platform",1.417,100,100,718.666666666667,1.53650943396226,0.0206290870541124,1.461125,0.00082259586738505,1.56493333333333,0.0324907390283041,2.033,29.9791666666667
"2","Root Zone",1.367,100,100,718.666666666667,NA,NA,NA,NA,NA,NA,NA,29.9791666666667
