"","Zone","Elevation","Flood_Frequency","Flood_Duration_Percent","Flood_Duration_Hour","Avg_HT","SE_HT","Avg_LT","SE_LT","Avg_HH","SE_HH","Max_Tide","MonitoringTime"
"1","Platform",1.172,56.8965517241379,10.7142857142857,77,1.25641379310345,0.0415597590462203,1.00798181818182,0.0133680983869897,1.34863333333333,0.0615808128674018,2.023,29.9791666666667
"2","Root Zone",1.122,62.0689655172414,38.682745825603,278,NA,NA,NA,NA,NA,NA,NA,29.9791666666667
