"","Zone","Elevation","Flood_Frequency","Flood_Duration_Percent","Flood_Duration_Hour","Avg_HT","SE_HT","Avg_LT","SE_LT","Avg_HH","SE_HH","Max_Tide","MonitoringTime"
"1","Platform",1.332,42.8571428571429,7.25881261595547,52.1666666666666,1.32739285714286,0.0372936720248668,1.14883018867925,0.0112657802839263,1.3953,0.0566343210592224,2.016,29.9791666666667
"2","Root Zone",1.282,46.4285714285714,20.1530612244898,144.833333333333,NA,NA,NA,NA,NA,NA,NA,29.9791666666667
