"","Zone","Elevation","Flood_Frequency","Flood_Duration_Percent","Flood_Duration_Hour","Avg_HT","SE_HT","Avg_LT","SE_LT","Avg_HH","SE_HH","Max_Tide","MonitoringTime"
"1","Platform",1.345,100,100,718.666666666667,1.49231481481481,0.0222473205866968,1.41084905660377,0.00153630383783905,1.52303333333333,0.0352687704433026,2.039,29.9791666666667
"2","Root Zone",1.295,100,100,718.666666666667,NA,NA,NA,NA,NA,NA,NA,29.9791666666667
